Task ID,Created At,Completed At,Last Modified,Name,Assignee,Assignee Email,Start Date,Due Date,Tags,Notes,Projects,Parent Task
148623786710031,2018-04-15,2018-04-15,2018-04-15,More debt,,,,,,,School,
148623786710030,2018-04-06,2018-04-07,2018-04-07,Send one line email to erik to add you to the independent study list,,,,,,,School,
610060357624798,2018-03-27,2018-03-27,2018-03-27,withdraw from study abroad,,,,,,,School,
588106896688257,2018-03-09,2018-03-26,2018-03-26,hold,,,,,,,School,
570162249229318,2018-02-22,2018-02-23,2018-02-23,find joydeep,,,,2018-02-23,,,School,
610060357624799,2018-03-27,2018-03-27,2018-03-27,email Giuseppe about possible different project,,,,,,,School,
606859251936885,2018-03-24,2018-03-25,2018-03-25,cancel alexa,,,,2018-03-30,,,School,
547606069522799,2018-02-05,2018-02-09,2018-02-09,go to abroad advising,,,,,,,School,
567558658082908,2018-02-21,2018-02-21,2018-02-21,email parents about DC travel and summer plans,,,,,,,School,
577506655960588,2018-03-01,2018-03-02,2018-03-02,email about datafest,,,,,,,School,
563270967554529,2018-02-17,2018-02-20,2018-02-20,bring syllubi and sheet to CS dept,,,,2018-02-20,,,School,
553224235175778,2018-02-08,2018-02-13,2018-02-13,send absence letter,,,,2018-02-13,,,School,
533042920342892,2018-01-23,2018-01-23,2018-01-23,survey thing (in email),,,,,,,School,
563270967554531,2018-02-17,2018-02-17,2018-02-17,reply to joydeep,,,,2018-02-17,,,School,
553224235175779,2018-02-08,2018-02-11,2018-02-11,email entrepreneurship stuff,,,,,,,School,
610060357624801,2018-03-27,2018-04-01,2018-04-01,register for summer spanish class,,,,,,,School,
553224235175780,2018-02-08,2018-02-08,2018-02-08,remote.com profile,,,,,,,School,
615034337312075,2018-04-01,,2018-04-01,register for summer classes,,,,,,,School,
553224235175781,2018-02-08,2018-02-08,2018-02-08,devpost.com profile,,,,,,,School,
623522970339016,2018-04-07,,2018-04-07,email advisor apology for harshness,,,,,,,School,
623592038418688,2018-04-08,2018-04-09,2018-04-09,email eric sommers about classes,,,,,,,School,
626230356716741,2018-04-09,2018-04-12,2018-04-12,reply to giuseppe,,,,2018-04-11,,,School,
532130324724469,2018-01-22,,2018-02-26,CS 230:,,,,,,,School,
574865979423414,2018-02-27,2018-02-27,2018-02-27,copy over good pictures from lecture 10,,,,2018-02-27,,,School,
615034337312079,2018-04-01,2018-04-07,2018-04-07,project,,,,2018-04-09,,,School,
578148784387386,2018-03-01,2018-03-13,2018-03-13,Binary Bomb,,,,2018-03-19,,,School,
557152546465540,2018-02-12,2018-02-12,2018-02-12,project,,,,2018-02-19,,,School,
570767210754418,2018-02-23,2018-02-24,2018-02-24,quiz,,,,2018-02-26,,,School,
547606069522800,2018-02-05,2018-02-11,2018-02-11,project 2,,,,2018-02-12,,,School,
533773919604158,2018-01-23,2018-01-24,2018-01-24,get book,,,,,,https://www.amazon.com/dp/9332573905/,School,
615034337312074,2018-04-01,2018-04-01,2018-04-01,,,,,,,,School,
572780697795634,2018-02-26,2018-03-04,2018-03-04,Project 05 Huffman,,,,2018-03-05,,,School,
537979204720381,2018-01-28,2018-01-30,2018-01-30,project,,,,2018-02-05,,,School,
634209494818661,2018-04-14,,2018-04-14,project,,,,2018-04-27,,,School,
597517705500184,2018-03-17,2018-03-22,2018-03-22,exam study sheet,,,,2018-03-21,,,School,
598288609997738,2018-03-19,2018-03-22,2018-03-22,project,,,,2018-03-26,,,School,
634209494818662,2018-04-14,2018-04-15,2018-04-15,lecture notes,,,,2018-04-14,,,School,
555262873401860,2018-02-10,2018-02-17,2018-02-17,notes,,,,2018-02-13,,,School,
573540148212352,2018-02-26,2018-02-27,2018-02-27,quiz,,,,2018-03-05,,,School,
563303917747981,2018-02-17,2018-02-23,2018-02-23,project,,,,2018-02-26,,,School,
563375136006429,2018-02-18,2018-02-20,2018-02-20,cheat sheet,,,,2018-02-19,,,School,
568164926076334,2018-02-21,2018-02-22,2018-02-22,CHEAT SHEET,,,,2018-02-21,,,School,
532130324724470,2018-01-22,,2018-01-22,CS 250:,,,,,,,School,
563189731334210,2018-02-16,2018-02-17,2018-02-17,notes,,,,2018-02-18,,,School,
606973228399255,2018-03-25,2018-03-29,2018-03-29,Quiz #6,,,,2018-03-29,,,School,
533773919604157,2018-01-23,2018-01-23,2018-01-23,notes,,,,,,,School,
588661368301960,2018-03-11,2018-03-15,2018-03-15,notes up to lecture 27,,,,,,,School,
575327692020334,2018-02-27,2018-03-10,2018-03-10,hw,,,,2018-03-09,,,School,
623522970339017,2018-04-07,2018-04-12,2018-04-12,quiz,,,,2018-04-12,,,School,
551864754604492,2018-02-07,2018-02-17,2018-02-17,quiz 3,,,,2018-02-17,,,School,
598288609997737,2018-03-19,2018-04-02,2018-04-02,hw4,,,,2018-04-02,,,School,
533042920342876,2018-01-23,2018-01-23,2018-01-23,hw1,,,,2018-01-26,,,School,
623535333674403,2018-04-07,,2018-04-07,hw,,,,2018-04-18,,,School,
555413573419650,2018-02-11,2018-02-24,2018-02-24,hw,,,,2018-02-24,,,School,
533042920342888,2018-01-23,2018-01-24,2018-01-24,get book,,,,,,,School,
563982340296274,2018-02-19,2018-02-20,2018-02-20,quiz,,,,2018-02-22,,,School,
533042920342889,2018-01-23,2018-01-28,2018-01-28,quiz 1,,,,2018-02-01,,,School,
536804902372520,2018-01-25,2018-02-07,2018-02-07,hw1,,,,2018-02-07,,,School,
548889586496127,2018-02-05,2018-02-07,2018-02-07,quiz 2,,,,2018-02-07,,,School,
533042920342877,2018-01-23,,2018-03-23,Physics 152:,,,,,,,School,
552338738619384,2018-02-07,2018-02-17,2018-02-17,hw3,,,,2018-02-16,,,School,
533773919604159,2018-01-23,2018-01-24,2018-01-24,finish ch5 notes,,,,,,,School,
533042920342890,2018-01-23,2018-01-25,2018-01-25,prepare lab materials,,,,,,,School,
537957181265444,2018-01-28,2018-02-07,2018-02-07,hw2,,,,2018-02-09,,,School,
623592038418689,2018-04-08,2018-04-12,2018-04-12,turn in lab,,,,2018-04-12,,,School,
533042920342879,2018-01-23,2018-01-28,2018-01-28,hw1,,,,2018-02-02,,,School,
533042920342878,2018-01-23,2018-01-23,2018-01-23,setup mastering physics,,,,,,,School,
563454058080862,2018-02-18,2018-02-22,2018-02-22,turn in lab (moodle and print),,,,2018-02-22,,,School,
580065581601794,2018-03-04,2018-03-21,2018-03-21,hw,,,,2018-03-23,,,School,
610941786014814,2018-03-27,2018-03-29,2018-03-29,turn in lab,,,,2018-03-29,,,School,
620611769948169,2018-04-05,2018-04-08,2018-04-08,lab,,,,2018-04-12,,,School,
615034337312076,2018-04-01,2018-04-10,2018-04-10,hw7,,,,2018-03-30,,,School,
575325728967277,2018-02-27,2018-02-28,2018-02-28, cheat sheet,,,,2018-02-28,,,School,
606450131227764,2018-03-23,2018-03-27,2018-03-27,lab,,,,2018-03-29,,,School,
548426689217112,2018-02-05,2018-02-07,2018-02-07,lab,,,,2018-02-08,,,School,
563270967554526,2018-02-17,2018-02-18,2018-02-18,lab,,,,2018-02-22,,,School,
615034337312077,2018-04-01,2018-04-10,2018-04-10,hw8,,,,2018-04-06,,,School,
563270967554527,2018-02-17,2018-02-22,2018-02-22,hw,,,,2018-02-23,,,School,
615034337312078,2018-04-01,2018-04-10,2018-04-10,hw9,,,,2018-04-13,,,School,
628759782798117,2018-04-10,2018-04-15,2018-04-15,hw10,,,,2018-04-20,,,School,
563270967554528,2018-02-17,2018-02-22,2018-02-22,hw,,,,2018-03-02,,,School,
618534704365289,2018-04-03,2018-04-12,2018-04-12,notesheet,,,,2018-04-11,,,School,
623661170386122,2018-04-08,,2018-04-08,right hand rule,,,,,,,,notesheet
623661170386123,2018-04-08,,2018-04-08,ohm's law,,,,,,,,notesheet
628690502344649,2018-04-10,,2018-04-10,"current is divided among resistors in parallel, but voltage is divided among resistors in series",,,,,,,,notesheet
577506655960586,2018-03-01,2018-03-02,2018-03-02,add example problems to sheet,,,,2018-03-01,,,School,
578148784387387,2018-03-01,2018-03-04,2018-03-04,lab,,,,2018-03-08,,,School,
532130324724472,2018-01-22,,2018-01-22,Math 331:,,,,,,,School,
537957181265443,2018-01-28,2018-01-28,2018-01-28,ch2 notes,,,,2018-01-28,,,School,
618534704365288,2018-04-03,2018-04-11,2018-04-11,written,,,,2018-04-11,,,School,
537957181265442,2018-01-28,2018-02-08,2018-02-08,hw2,,,,2018-02-13,,,School,
555308130882388,2018-02-11,2018-02-18,2018-02-18,hw,,,,2018-02-21,,,School,
575028698331297,2018-02-27,2018-03-02,2018-03-02,hw,,,,2018-03-02,,,School,
563375136006428,2018-02-18,2018-02-20,2018-02-20,practice exam,,,,2018-02-19,,,School,
535368512876584,2018-01-24,2018-01-28,2018-01-28,hw1,,,,2018-02-06,,,School,
611696217492278,2018-03-28,2018-04-04,2018-04-04,6.4-6.5,,,,2018-04-10,,,School,
635072400765208,2018-04-16,,2018-04-16,7.4-7.5,,,,2018-04-24,,,School,
609060800361325,2018-03-26,2018-03-27,2018-03-27,6.2,,,,2018-04-03,,,School,
553940097284206,2018-02-08,2018-02-11,2018-02-11,hw3],,,,2018-02-15,,,School,
568164926076333,2018-02-21,2018-02-22,2018-02-22,finish practice problesm,,,,2018-02-21,,,School,
588661368301956,2018-03-11,2018-03-18,2018-03-18,3.5,,,,2018-03-20,,,School,
580047361062239,2018-03-04,2018-03-06,2018-03-06,hw,,,,2018-03-08,,,School,
570162249229319,2018-02-23,2018-02-27,2018-02-27,hw,,,,2018-02-27,,,School,
535074928855218,2018-01-24,2018-01-24,2018-01-24,notes,,,,,,,School,
620430185953681,2018-04-04,2018-04-15,2018-04-15,7.1,,,,2018-04-18,,,School,
556786154468049,2018-02-12,2018-02-18,2018-02-18,written,,,,2018-02-21,,,School,
535074928855220,2018-01-24,2018-01-24,2018-01-24,figure out where hw is,,,,,,,School,
635072400765209,2018-04-16,,2018-04-16,7.6,,,,2018-05-01,,,School,
588661368301957,2018-03-11,2018-03-26,2018-03-26,3.7,,,,2018-03-20,,,School,
609060800361326,2018-03-26,2018-03-28,2018-03-28,6.3,,,,2018-04-04,,,School,
620430185953682,2018-04-04,2018-04-16,2018-04-16,7.2-7.3,,,,2018-04-19,,,School,
588661368301958,2018-03-11,2018-03-26,2018-03-26,3.8,,,,2018-03-27,,,School,
588661368301959,2018-03-11,2018-03-26,2018-03-26,6.1,,,,2018-03-28,,,School,
532130324724473,2018-01-22,,2018-01-23,Spanish 312:,,,,,,,School,
563454058080863,2018-02-18,2018-02-20,2018-02-20,"Preparar ""El ritual del fuego"" (p. 210). Actividades A, B y C.",,,,2018-02-20,,,School,
537979204720383,2018-01-28,2018-01-29,2018-01-29,"Lee ""El texto académico""",,,,2018-01-30,,,School,
539769147895554,2018-01-29,2018-01-30,2018-01-30,print el academico page,,,,2018-01-30,,,School,
623592038418690,2018-04-08,2018-04-10,2018-04-10,turn in mar adentro,,,,2018-04-10,,,School,
588661368301961,2018-03-11,2018-03-15,2018-03-15,project,,,,2018-03-20,,,School,
620430185953680,2018-04-04,2018-04-04,2018-04-04,print ,,,,,,,School,
634289121834390,2018-04-15,,2018-04-15,autoevaluación,,,,2018-04-19,,,School,
547606069522801,2018-02-05,2018-02-11,2018-02-11,Tarea escrita: autorretrato - Part 1,,,,2018-02-15,,,School,
537979204720382,2018-01-28,2018-02-01,2018-02-01,"SER y ESTAR completa el ejercicio E (p. 19). Revisa ""5. ¿Y cómo es él?"" (p. 13) y completa el ejercicio C",,,,2018-02-01,,,School,
577023406484230,2018-02-28,2018-03-01,2018-03-01,EVALUATION,,,,2018-03-01,,,School,
563270967554530,2018-02-17,2018-02-18,2018-02-18,what will happen on tuesday?,,,,2018-02-18,,,School,
568164926076332,2018-02-21,2018-02-21,2018-02-21,columbus day in latin america pros and cons,,,,,,,School,
533773919604160,2018-01-23,2018-01-25,2018-01-25,print stuffs,,,,2018-01-25,,,School,
572780697795633,2018-02-26,2018-02-27,2018-02-27,Segunda tarea escrita: Reportaje. Tradiciones polémicas,,,,2018-02-27,,,School,
555308130882389,2018-02-11,2018-02-14,2018-02-14,"print Campus Sur (capítulo 17), ""El texto expositivo"" (CS 248), and ESSAY",,,,2018-02-15,,,School,
572780697795635,2018-02-26,2018-02-26,2018-02-26,Mar adentro Proyecto 2,,,,2018-02-27,,,School,
622251803443533,2018-04-05,2018-04-08,2018-04-08,finish up mar adentro projects,,,,2018-04-10,,,School,
632650526931658,2018-04-12,2018-04-15,2018-04-15,Escritura 4 Opinion,,,,2018-04-19,,,School,
609060800361327,2018-03-26,2018-04-04,2018-04-04,Tarea escrita 3. Ensayo académico,,,,2018-04-05,,,School,
597517705500185,2018-03-17,2018-03-19,2018-03-19,practice for presentation,,,,2018-03-20,,,School,
620611769948170,2018-04-05,2018-04-05,2018-04-05,print essay?,,,,2018-04-05,,,School,
603699630389489,2018-03-21,2018-03-22,2018-03-22,"Preparar texto “África. Medio siglo de frustración” (CS p. 189. A, B) ",,,,,,,School,
533042920342883,2018-01-23,2018-01-28,2018-01-28,Enter Sandman,,,,,,,School,
618534704365290,2018-04-03,2018-04-05,2018-04-05,mar adentro,,,,2018-04-12,,,School,
603699630389491,2018-03-21,2018-03-22,2018-03-22,Preparar ejercicio A (CS p. 190),,,,,,,School,
533042920342884,2018-01-23,2018-02-18,2018-02-18,Jessie's Girl,,,,,,,School,
533042920342885,2018-01-23,2018-01-28,2018-01-28,What Is Hip?,,,,,,,School,
533042920342886,2018-01-23,2018-01-28,2018-01-28,The Chicken,,,,,,,School,
533042920342887,2018-01-23,2018-03-05,2018-03-05,Carry On My Wayward Son,,,,,,,School,
563454058080864,2018-02-18,2018-03-05,2018-03-05,dont stop me now,,,,,,,School,
563454058080865,2018-02-18,2018-02-18,2018-02-18,smells like teen spirit ,,,,,,,School,
563454058080866,2018-02-18,2018-03-05,2018-03-05,enter sandman,,,,,,,School,
465726439761061,2017-10-30,2017-11-03,2017-11-03,advising appointment,,,,,,,School,
465726439761062,2017-10-30,2017-11-10,2017-11-10,classes,,,,,,,School,
465726439761063,2017-10-30,2017-11-03,2017-11-03,email prof to see if 284 is possible,,,,,,,,classes
465726439761064,2017-10-30,2017-11-03,2017-11-03,"if possible, email about petition",,,,,,,,classes
465726439761065,2017-10-30,2017-11-10,2017-11-10,spanish and/or junior writing,,,,,,,,classes
425397822367084,2017-09-08,2017-12-19,2017-12-19,Comp Sci 220,,,,,,,School,
460774240260715,2017-10-23,2017-10-25,2017-10-25,draw nodes,,,,2017-10-26,,,School,
447783845469055,2017-10-08,2017-10-12,2017-10-12,finesse algorithm,,,,2017-10-12,,,School,
437905741214570,2017-09-25,2017-10-03,2017-10-03,tests?,,,,2017-10-03,,,School,
475975427108151,2017-11-09,2017-11-15,2017-11-15,project,,,,2017-11-14,,,School,
452498371860635,2017-10-12,2017-10-14,2017-10-14,project,,,,2017-10-24,,,School,
425590136217539,2017-09-10,2017-09-16,2017-09-16,tests,,,,2017-09-19,,,School,
465151282368413,2017-10-28,2017-10-31,2017-10-31,project,,,,2017-11-07,,,School,
495010001205756,2017-12-04,2017-12-07,2017-12-07,make proj moar dank?,,,,2017-12-07,,,School,
487180878906390,2017-11-23,2017-11-30,2017-11-30,project,,,,2017-11-30,,,School,
458159250848604,2017-10-19,2017-10-23,2017-10-23,project,,,,2017-10-26,,,School,
498537071809959,2017-12-07,2017-12-13,2017-12-13,project,,,,2017-12-14,,,School,
433641022899227,2017-09-19,2017-09-25,2017-09-25,project,,,,2017-10-03,,,School,
446750863638533,2017-10-05,2017-10-08,2017-10-08,project,,,,2017-10-12,,,School,
491548257493512,2017-11-29,2017-12-02,2017-12-02,project,,,,2017-12-05,,,School,
425397822367086,2017-09-08,2017-12-21,2017-12-21,Comp Sci 240,,,,,,,School,
493466180548489,2017-12-02,2017-12-10,2017-12-10,notes,,,,2017-12-13,,,School,
428788735627403,2017-09-13,2017-09-16,2017-09-16,notes through chapter 1,,,,2017-09-16,,,School,
443214744904641,2017-10-02,2017-10-04,2017-10-04,quiz,,,,2017-10-06,,,School,
465154616774749,2017-10-28,2017-10-29,2017-10-29,extensive notes,,,,,,,School,
464123032754855,2017-10-26,2017-10-28,2017-10-28,quiz,,,,2017-10-27,,,School,
425590136217540,2017-09-10,2017-09-14,2017-09-14,online quiz,,,,2017-09-15,,,School,
434465863664342,2017-09-20,2017-09-21,2017-09-21,drop off homework dropbox in CS main office,,,,2017-09-22,,,School,
489060075237639,2017-11-27,2017-12-02,2017-12-02,hw4,,,,2017-12-04,,,School,
439682520159404,2017-09-27,2017-09-28,2017-09-28,finish 2.6 notes,,,,,,,School,
456925330860402,2017-10-18,2017-10-18,2017-10-18,quiz,,,,2017-10-20,,,School,
469994411843289,2017-11-02,2017-11-05,2017-11-05,practice exam,,,,2017-11-05,,,School,
460396127051477,2017-10-23,2017-10-29,2017-10-29,hw3,,,,2017-10-30,,,School,
425397822367093,2017-09-08,2017-09-09,2017-09-09,notes,,,,,,,School,
443214744904640,2017-10-02,2017-10-11,2017-10-11,hw2,,,,2017-10-10,,,School,
498418999237814,2017-12-07,2017-12-07,2017-12-07,quiz,,,,2017-12-08,,,School,
434465863664343,2017-09-20,2017-09-24,2017-09-24,upgrade notes,,,,,,,School,
489058454759902,2017-11-27,2017-11-30,2017-11-30,quiz,,,,2017-12-01,,,School,
425397822367087,2017-09-08,2017-12-19,2017-12-19,Physics 151,,,,,,,School,
148623786710017,2017-11-30,2017-11-30,2017-11-30,Print lab,,,,2017-11-30,,,School,
148623786710004,2017-10-25,2017-10-25,2017-10-25,Check room,,,,,,,School,
447675730212123,2017-10-07,2017-10-12,2017-10-12,"check, submit, print, and turn in lab",,,,2017-10-12,,,School,
446317508427908,2017-10-05,2017-10-07,2017-10-07,lab report,,,,2017-10-12,,,School,
443476214061878,2017-10-02,2017-10-05,2017-10-05,lab prepare,,,,2017-10-05,,,School,
503084043870598,2017-12-13,2017-12-19,2017-12-19,note sheet,,,,,,,School,
503124601156867,2017-12-13,2017-12-17,2017-12-17,"work, power",,,,,,,,note sheet
503124601156868,2017-12-13,2017-12-17,2017-12-17,center of mass,,,,,,,,note sheet
503124601156869,2017-12-13,2017-12-17,2017-12-17,"rotational motion, rotational kinetic energy, moment of inertia",,,,,,,,note sheet
503124601156870,2017-12-13,2017-12-17,2017-12-17,"moment of inertia, torque",,,,,,,,note sheet
503124601156871,2017-12-13,2017-12-17,2017-12-17,"torque, angular acceleration, cross product",,,,,,,,note sheet
503124601156872,2017-12-13,2017-12-17,2017-12-17,conservation of angular momentum,,,,,,,,note sheet
441309990835020,2017-09-28,2017-10-04,2017-10-04,create notes sheet,,,,2017-10-04,,,School,
148623786710002,2017-10-04,2017-10-04,2017-10-04,wind direction problem,,,,,,,,create notes sheet
444731396736110,2017-10-03,2017-10-04,2017-10-04,kinematic equations,,,,,,,,create notes sheet
444731396736111,2017-10-03,,2017-10-04,hard question from homework https://answers.yahoo.com/question/index?qid=20070214195029AA2IpO8,,,,,,,,create notes sheet
444731396736112,2017-10-03,2017-10-04,2017-10-04,law of sines and cosines,,,,,,,,create notes sheet
444731396736113,2017-10-03,,2017-10-03,example of using vectors rather than law of sines and cosines,,,,,,,,create notes sheet
444731396736114,2017-10-03,,2017-10-03,at least 2 kinematic examples,,,,,,,,create notes sheet
444731396736115,2017-10-03,2017-10-04,2017-10-04,some common conversions,,,,,,,,create notes sheet
444731396736117,2017-10-03,2017-10-04,2017-10-04,sig figs?,,,,,,,,create notes sheet
434215822988119,2017-09-20,2017-09-20,2017-09-20,install logger pro,,,,,,,School,
470848378250609,2017-11-03,2017-11-08,2017-11-08,print lab,,,,2017-11-09,,,School,
436629981017051,2017-09-24,2017-09-25,2017-09-25,check and upload lab,,,,,,,School,
434465863664338,2017-09-20,2017-09-20,2017-09-20,create lab report template,,,,,,,School,
443476214061879,2017-10-02,2017-10-04,2017-10-04,mastering physics exam practice,,,,2017-10-04,,,School,
484155328822084,2017-11-20,2017-11-22,2017-11-22,lab report,,,,2017-11-23,,,School,
439457849783050,2017-09-27,2017-09-27,2017-09-27,physical copy of lab,,,,,,bottom floor hasbrouk,School,
459263496794762,2017-10-21,2017-10-26,2017-10-26,turn in lab,,,,2017-10-26,,,School,
434465863664339,2017-09-20,2017-09-20,2017-09-20,copy questions from all labs,,,,,,,School,
503060374098470,2017-12-13,2017-12-13,2017-12-13,turn in lab,,,,2017-12-14,,,School,
434465863664340,2017-09-20,2017-09-20,2017-09-20,upgrade notes,,,,,,,School,
425590136217538,2017-09-10,2017-09-14,2017-09-14,prepare for lab,,,,2017-09-14,,,School,
457673299915605,2017-10-19,2017-10-21,2017-10-21,lab report,,,,2017-10-26,,,School,
444731396736118,2017-10-03,2017-10-04,2017-10-04,assorted review problems on moodle,,,,2017-10-04,,,School,
476915828988110,2017-11-12,2017-11-17,2017-11-17,note sheet,,,,,,,School,
476938317524094,2017-11-12,,2017-11-12,banked curve (with and without friction),,,,,,,,note sheet
476938317524095,2017-11-12,2017-11-15,2017-11-15,PULLEYS,,,,,,,,note sheet
480152822091365,2017-11-15,,2017-11-15,third law bullshit,,,,,,,,note sheet
425397822367092,2017-09-08,2017-09-09,2017-09-09,notes,,,,,,,School,
427989420913335,2017-09-12,2017-09-12,2017-09-12,install logger pro,,,,2017-09-14,,,School,
453402663777743,2017-10-14,2017-10-14,2017-10-14,mad notes,,,,,,,School,
469349589916422,2017-11-02,2017-11-03,2017-11-03,lab report,,,,2017-11-09,,,School,
476915828988111,2017-11-12,2017-11-12,2017-11-12,practice exam,,,,,,,School,
481993253940719,2017-11-16,2017-11-27,2017-11-27,hw10,,,,2017-12-01,,,School,
430975966111993,2017-09-16,2017-09-16,2017-09-16,more notes,,,,2017-09-16,,,School,
497897450899483,2017-12-07,2017-12-13,2017-12-13,lab,,,,2017-12-14,,,School,
442205053858382,2017-10-01,2017-10-02,2017-10-02,hw5,,,,2017-10-13,,,School,
453402663777745,2017-10-14,2017-10-14,2017-10-14,hw6,,,,2017-10-20,,,School,
481993253940720,2017-11-16,2017-12-02,2017-12-02,hw11,,,,2017-12-08,,,School,
430975966111997,2017-09-16,2017-09-20,2017-09-20,lab prep,,,,2017-09-21,,,School,
465218319220021,2017-10-29,2017-10-30,2017-10-30,hw8,,,,2017-11-03,,,School,
453402663777746,2017-10-14,2017-10-15,2017-10-15,hw7,,,,2017-10-27,,,School,
489058454759904,2017-11-27,2017-12-05,2017-12-05,hw12,,,,2017-12-15,,,School,
430975966111998,2017-09-16,2017-09-24,2017-09-24,h3,,,,2017-09-29,,,School,
461300557185801,2017-10-24,2017-10-26,2017-10-26,practice exam,,,,2017-10-26,,,School,
465218319220022,2017-10-29,2017-11-01,2017-11-01,hw9,,,,2017-11-10,,,School,
435690507981175,2017-09-21,2017-09-24,2017-09-24,lab report,,,,2017-09-28,,,School,
436613409139368,2017-09-24,2017-09-28,2017-09-28,h4,,,,2017-10-06,,,School,
452498371860633,2017-10-12,2017-10-14,2017-10-14,lab prepare,,,,,,,School,
461300557185802,2017-10-24,2017-10-24,2017-10-24,review problems,,,,,,,School,
461300557185803,2017-10-24,2017-10-26,2017-10-26,note sheet,,,,2017-10-26,,,School,
462513525292891,2017-10-25,2017-10-25,2017-10-25,friction,,,,,,,,note sheet
461300557185804,2017-10-24,2017-10-25,2017-10-25,newtons laws,,,,,,,,note sheet
462513525292890,2017-10-25,2017-10-25,2017-10-25,centripetal acceleration,,,,,,,,note sheet
462513525292888,2017-10-25,2017-10-25,2017-10-25,angular motion,,,,,,,,note sheet
461300557185807,2017-10-24,2017-10-25,2017-10-25,centripetal force,,,,,,,,note sheet
461300557185805,2017-10-24,,2017-10-24,tension example,,,,,,,,note sheet
461300557185806,2017-10-24,,2017-10-24,static vs kinetic friction example,,,,,,,,note sheet
442187221562006,2017-10-01,2017-10-01,2017-10-01,choose food from menu,,,,,,,School,
470292523520090,2017-11-03,2017-11-14,2017-11-14,Magical Girl,,,,2017-11-08,,,School,
490308134414413,2017-11-28,2017-12-05,2017-12-05,netflix presentation,,,,2017-12-06,,,School,
470292523520092,2017-11-03,2017-11-14,2017-11-14,Tortilla Soup,,,,2017-11-08,,,School,
447367601535070,2017-10-06,2017-10-11,2017-10-11,research tango/argentine tango,,,,2017-10-11,,,School,
425397822367091,2017-09-08,2017-09-12,2017-09-12,watch movie/print article,,,,2017-09-13,,,School,
481452435227556,2017-11-16,2017-11-27,2017-11-27,many things on schology,,,,,,,School,
431031829829772,2017-09-17,2017-09-19,2017-09-19,see email,,,,2017-09-20,,,School,
469349589916423,2017-11-02,2017-11-03,2017-11-03,check,,,,,,,School,
452498371860630,2017-10-12,2017-10-18,2017-10-18,food,,,,,,,School,
441309990835021,2017-09-28,2017-10-01,2017-10-01,questions about frida,,,,,,,School,
435690507981176,2017-09-21,2017-09-27,2017-09-27,watch frida and mariposas,,,,2017-09-27,,,School,
465154616774750,2017-10-28,2017-10-28,2017-10-28,check ,,,,,,,School,
443555523764947,2017-10-02,2017-10-04,2017-10-04,find summary of mariposas,,,,2017-10-04,,,School,
490280164260580,2017-11-28,2017-11-28,2017-11-28,article presentation,,,,,,http://www.bbc.com/mundo/noticias-america-latina-42133739,School,
393474734000543,2017-07-26,2017-07-26,2017-07-26,,,,,,,,School,
452498371860631,2017-10-12,2017-10-18,2017-10-18,folk tale,,,,2017-10-18,,,School,
433641022899225,2017-09-19,2017-09-20,2017-09-20,Leed el artículo adjuntado e idos al sitio web para ver los ejemplos que da de Youtube.,,,,2017-09-20,,,School,
433641022899226,2017-09-19,2017-09-20,2017-09-20,Preparad una lista de 5 palabras que tienen que ver con la comida (intentad que sean palabras que no sabíais antes).,,,,2017-09-20,,,School,
148623786710018,2017-12-05,2017-12-07,2017-12-07,Read packet,,,,,,,School,
148623786710000,2017-09-26,2017-09-26,2017-09-26,send email to get info about study abroad,,,,,,,School,
476815977486493,2017-11-10,2017-11-13,2017-11-13,print,,,,2017-11-14,,,School,
148623786709999,2017-09-26,2017-09-30,2017-09-30,Rubén Darío Voces 240-257,,,,2017-10-03,,,School,
487584269934864,2017-11-24,2017-11-30,2017-11-30,print tarea,,,,2017-11-30,,,School,
434215822988120,2017-09-20,2017-09-25,2017-09-25,print tarea,,,,2017-09-26,,,School,
447688480039696,2017-10-07,2017-10-12,2017-10-12,correct and print tarea 4,,,,2017-10-12,,,School,
425397822367080,2017-09-08,2017-09-10,2017-09-10,Voces 207-215,,,,,,,School,
476815977486491,2017-11-10,2017-11-10,2017-11-10,correct,,,,2017-11-14,,,School,
433576645803964,2017-09-19,2017-09-20,2017-09-20,tarea 1: write about being tall,,,,2017-09-26,,,School,
479774670138133,2017-11-14,2017-11-24,2017-11-24,tarea 5,,,,2017-11-30,,,School,
474912813264524,2017-11-08,2017-11-10,2017-11-10,tarea,,,,2017-11-14,,,School,
493414568356151,2017-12-01,2017-12-03,2017-12-03,read,,,,2017-12-05,,,School,
444731396736116,2017-10-03,2017-10-07,2017-10-07,tarea 4,,,,2017-10-12,,,School,
458159250848605,2017-10-19,2017-10-21,2017-10-21,read,,,,,,,School,
465299300187378,2017-10-29,2017-10-31,2017-10-31,print tarea,,,,2017-10-31,,,School,
427989420913337,2017-09-12,2017-09-13,2017-09-13,Latinoamérica - Calle 13,,,,2017-09-14,,https://www.youtube.com/watch?v=DkFJE8ZdeG8,School,
446750863638532,2017-10-05,2017-10-07,2017-10-07,read next author,,,,2017-10-10,,,School,
452498371860632,2017-10-12,2017-10-14,2017-10-14,read,,,,2017-10-17,,,School,
426771988664221,2017-09-11,2017-09-11,2017-09-11,review,,,,,,,School,
427989420913338,2017-09-12,2017-09-13,2017-09-13,¿Por qué es América y no Américo?,,,,2017-09-14,,in drive lmao,School,
469994411843290,2017-11-02,2017-11-04,2017-11-04,read,,,,2017-11-07,,,School,
463093925271808,2017-10-25,2017-10-29,2017-10-29,tarea,,,,2017-10-31,,,School,
425397822367083,2017-09-08,2017-12-19,2017-12-19,Stats 515,,,,,,,School,
148623786710001,2017-10-03,2017-10-03,2017-10-03,"§2.10 #2.124, §s3.1-3.2 #3.6, §3.3 #3.14, 3.15, §3.4 #3.60",,,,2017-10-06,,,School,
498537071809958,2017-12-07,2017-12-10,2017-12-10,ch7 notes,,,,2017-12-10,,,School,
448705220283876,2017-10-09,2017-10-11,2017-10-11,written work,,,,2017-10-11,,,School,
453402663777744,2017-10-14,2017-10-14,2017-10-14,notes thru ch4?,,,,,,,School,
431031829829774,2017-09-17,2017-09-18,2017-09-18,check discussions,,,,,,,School,
434465863664341,2017-09-20,2017-09-24,2017-09-24,upgrade notes,,,,,,,School,
493466180548490,2017-12-02,2017-12-03,2017-12-03,notes,,,,2017-12-03,,,School,
430975966111996,2017-09-16,2017-09-16,2017-09-16,ch 2 notes,,,,2017-09-16,,,School,
493561074049616,2017-12-03,2017-12-07,2017-12-07,Quiz 4,,,,2017-12-07,,,School,
493561074049617,2017-12-03,2017-12-04,2017-12-04,"6.49, 6.52",,,,2017-12-05,,,School,
493561074049618,2017-12-03,2017-12-10,2017-12-10,"7.9, 7.11, 7.12, 7.23, 7.25, 7.52, 7.73",,,,2017-12-12,,,School,
439457849783051,2017-09-27,2017-10-09,2017-10-09,webwork 5,,,,2017-10-10,,,School,
489058454759903,2017-11-27,2017-12-04,2017-12-04,ww9,,,,2017-12-12,,,School,
503084043870599,2017-12-13,2017-12-17,2017-12-17,note sheet,,,,,,,School,
459316551739249,2017-10-22,2017-10-24,2017-10-24,written,,,,2017-10-26,,,School,
148623786709996,2017-09-12,2017-09-14,2017-09-14,figure out big parentheses thing,,,,2017-09-14,,,School,
430975966111994,2017-09-16,2017-09-20,2017-09-20,webwork 3 ,,,,2017-09-26,,,School,
452498371860634,2017-10-12,2017-10-14,2017-10-14,"written hw §3.11 #3.171, §4.1–4.3 #4.2, 4.16, 4.20 and 4.26",,,,2017-10-19,,,School,
476915828988112,2017-11-12,2017-11-14,2017-11-14,practice exam,,,,,,,School,
434591500930294,2017-09-20,2017-09-27,2017-09-27,webwork 4,,,,2017-10-03,,,School,
425397822367085,2017-09-08,2017-09-09,2017-09-09,ch2 notes,,,,,,,School,
465177624806925,2017-10-28,2017-10-29,2017-10-29,"Section 5.2: # 5.7, 5.8, 5.9, 5.11, 5.18",,,,2017-10-31,,,School,
453402663777740,2017-10-14,2017-10-22,2017-10-22,ww6,,,,2017-10-24,,,School,
467844085397285,2017-10-31,2017-11-08,2017-11-08,written,,,,2017-11-09,,,School,
490268132467648,2017-11-28,2017-11-29,2017-11-29,written,,,,2017-11-30,,,School,
476915828988113,2017-11-12,2017-11-15,2017-11-15,note sheet,,,,,,,School,
480152822091366,2017-11-15,,2017-11-15,stupid markov example,,,,,,,,note sheet
465154616774751,2017-10-28,2017-10-28,2017-10-28,notes,,,,,,,School,
430975966111995,2017-09-16,2017-09-17,2017-09-17,"§2.5 # 2.30, §2.6 # 2.43, 2.61, §2.7 #2.75, 2.82",,,,2017-09-21,,,School,
457304345033463,2017-10-18,2017-10-30,2017-10-30,ww7,,,,2017-11-07,,,School,
469994411843291,2017-11-02,2017-11-04,2017-11-04,redo bonus,,,,2017-11-07,,,School,
465170022431017,2017-10-28,2017-11-09,2017-11-09,ww8,,,,2017-11-14,,,School,
425590136217535,2017-09-10,2017-09-11,2017-09-11,"S2.3 P2.5, 2.7",,,,2017-09-14,,,School,
425590136217536,2017-09-10,2017-09-11,2017-09-11,"S2.4 P2.11, 2.16, 2.19",,,,2017-09-14,,,School,
425590136217541,2017-09-10,2017-09-14,2017-09-14,prepare for quiz,,,,2017-09-14,,,School,
425397822367090,2017-09-08,2017-09-16,2017-09-16,webwork ch2,,,,2017-09-19,,,School,
148623786709975,2017-02-24,2017-03-25,2017-03-25,charlie hunter,,,,,,,School,
148623786709974,2017-02-24,2017-03-25,2017-03-25,ernest renglin,,,,,,,School,
148623786709973,2017-02-24,2017-03-25,2017-03-25,band of gypsies,,,,,,,School,
148623786709972,2017-02-24,2017-03-10,2017-03-10,curtis knight jimi hendrix,,,,,,,School,
148623786709968,2017-02-03,2017-02-06,2017-02-06,milk carton kids,,,,,,,School,
257139852867406,2017-01-30,2017-01-30,2017-01-30,email elliott about morning work,,,,,,,School,
257139852867407,2017-01-30,2017-01-30,2017-01-30,email greg about where slides are,,,,,,,School,
148623786709964,2017-01-30,2017-01-30,2017-01-30,email thom saying im working schedule but can make it tues,,,,,,,School,
148623786709962,2017-01-30,2017-01-30,2017-01-30,email lin alg about quizes and taking them on thurs,,,,,,,School,
148623786709963,2017-01-30,2017-01-30,2017-01-30,eml spanish about not going to class on tues,,,,,,,School,
148623786709940,2016-11-19,2016-11-21,2016-11-21,CALC HW,,,,,,,School,
177397329054805,2016-09-06,2017-07-26,2017-07-26,Misc:,,,,,,,School,
324809951600798,2017-04-21,2017-04-22,2017-04-22,make endpoint to change people value in db validate with mac address,,,,,,,School,
324809951600799,2017-04-21,2017-04-22,2017-04-22,opencv and python program to detect people,,,,,,,School,
324809951600800,2017-04-21,2017-04-22,2017-04-22,wlan with dongle instead of ethernet,,,,,,,School,
148623786709982,2017-04-18,2017-04-23,2017-04-23,learn song rip kill me,,,,,,,School,
291884340078716,2017-03-10,2017-03-17,2017-03-17,https://github.com/Feneric/doxypypy,,,,,,,School,
313982658578700,2017-04-08,2017-04-08,2017-04-08,overrides,,,,,,,School,
290782095244795,2017-03-09,2017-03-16,2017-03-16,restyle bredbox site,,,,,,"'- change order now button to view demo
- change sections
  - track items and nutrition
  - groceries
  - app
  - contact",School,
319311143612223,2017-04-16,2017-04-17,2017-04-17,email andrew (money?),,,,,,,School,
313971729000595,2017-04-08,2017-04-08,2017-04-08,email foodfully peeps about my program,,,,,,,School,
314665929795169,2017-04-10,2017-04-17,2017-04-17,print new changes for marimba band,,,,,,,School,
313970912971236,2017-04-08,2017-04-09,2017-04-09,CLASSES,,,,,,,School,
284982561545126,2017-03-02,2017-03-21,2017-03-21,make appt with greg,,,,,,,School,
284982561545127,2017-03-02,2017-03-07,2017-03-07,housing,,,,,,,School,
281529198471829,2017-02-27,2017-04-23,2017-04-23,learn songs for pat,,,,,,"I Want You Back - J5
Shake your body (down to the ground) - J5
Stayin’ Alive - Bee Gee’s
Valerie - Zutons/ Amy Winehouse
Do That Stuff - Parliament
You Da One - Rihanna
24k Magic - Bruno Mars
That's What I Like - Bruno Mars
Use Me up - Lake Street Dive",School,
148623786709980,2017-04-03,2017-04-03,2017-04-03,turn in diff eq sheet,,,,,,,School,
277415831817257,2017-02-21,2017-02-28,2017-02-28,brainstorm how to make grocery lists,,,,,,,School,
270474640784915,2017-02-12,2017-02-15,2017-02-15,send absence letters out to teachers,,,,2017-02-14,,,School,
148623786709961,2017-01-26,2017-07-24,2017-07-24,al dimeola - egyptian danza LISTEN AND LEARN,,,,,,,School,
255047863079906,2017-01-27,2017-01-30,2017-01-30,rework schedule,,,,,,"'- morning work tuesday thursday
- lin alg morning
- spanish + lin alg not show tues?
",School,
255047863079908,2017-01-27,2017-01-31,2017-01-31,review cics et slides,,,,2017-01-31,,https://www.cics.umass.edu/content/undergraduate-orientations-january,School,
275080155259551,2017-02-16,2017-02-19,2017-02-19,apply to thatcher,,,,2017-02-18,,,School,
229673401906530,2016-12-12,2016-12-12,2016-12-12,upload photos to hmpn3 site,,,,,,,School,
257139852867408,2017-01-30,2017-02-12,2017-02-12,apply to NSCS,,,,2017-02-22,,,School,
269300489119262,2017-02-09,2017-02-14,2017-02-14,cs app,,,,2017-03-01,,,School,
257139852867410,2017-01-30,2017-01-31,2017-01-31,acquire high school transcripts!,,,,2017-02-03,,,School,
259512967157591,2017-01-31,2017-02-23,2017-02-23,moar internships!,,,,2017-02-18,,http://www.umass.edu/careers/internships-co-ops/international-internships,School,
257139852867409,2017-01-30,2017-01-31,2017-01-31,apply to facebook!,,,,2017-02-28,,,School,
259512967157590,2017-01-31,2017-02-09,2017-02-09,make appt with greg,,,,,,Robbie: 413-545-4822,School,
235570263743065,2016-12-25,2016-12-26,2016-12-26,message andrew about ULaunch,,,,,,,School,
235570263743066,2016-12-25,2017-01-23,2017-01-23,prepare for app creation,,,,,,,School,
235570263743067,2016-12-25,2017-01-23,2017-01-23,app designs,,,,,,,School,
235570263743068,2016-12-25,2017-02-27,2017-02-27,trademark,,,,,,,School,
235570263743069,2016-12-25,2017-01-23,2017-01-23,dns,,,,,,,School,
228887924579352,2016-12-12,2016-12-15,2016-12-15,intersession sign ups,,,,,,,School,
228676292375600,2016-12-12,2016-12-27,2016-12-27,shoes on craigslist,,,,,,,School,
228676292375599,2016-12-11,2016-12-12,2016-12-12,dad resume edits,,,,,,,School,
228562585665041,2016-12-10,2016-12-11,2016-12-11,redo home page design for smart pantry,,,,,,,School,
228175197475580,2016-12-09,2016-12-12,2016-12-12,fix hmpn3 monthly summary,,,,,,,School,
148623786709955,2016-12-06,2016-12-08,2016-12-08,email electrical engineer from edd project,,,,,,,School,
148623786709954,2016-12-06,2016-12-07,2016-12-07,text back adam,,,,,,,School,
148623786709956,2016-12-08,2016-12-08,2016-12-08,add biron and whitney to contact smart pantry,,,,,,,School,
225505274873325,2016-12-05,2016-12-13,2016-12-13,secret santa,,,,2016-12-13,,,School,
148623786709951,2016-12-05,2016-12-06,2016-12-06,email tom hannum about guitar playing say pat conboy told me to lol,,,,2016-12-06,,,School,
148623786709948,2016-12-05,2016-12-05,2016-12-05,mcm andy calculus insta,,,,,,,School,
148623786709949,2016-12-05,2016-12-06,2016-12-06,email will about working in January,,,,2016-12-06,,,School,
225505274873342,2016-12-06,2016-12-06,2016-12-06,email matt about status of master's paper,,,,2016-12-06,,,School,
148623786709947,2016-12-04,2016-12-06,2016-12-06,ask sayak for headshot wearing helmet and orange sjnglasses,,,,2016-12-06,,,School,
210887809829227,2016-11-10,2016-12-26,2016-12-26,sign up for macroeconomics j term,,,,2016-12-29,,http://www.umassulearn.net/classes/winter-2017?view=class&clid=15419 ,School,
207849906036379,2016-11-06,2016-11-06,2016-11-06,print,,,,,,"http://blogs.umass.edu/math132-efarelli/files/2016/03/Math-132-Exam-2-Practice-Questions.pdf
http://blogs.umass.edu/math132-efarelli/files/2016/10/Math-132-Exam-2-SP15.pdf

",School,
207735245843162,2016-11-04,2016-11-04,2016-11-04,braintstrom list of things,,,,,,"mouthwash
pull up bar
amp?
winter coat
comforter
cheese sticks
",School,
148623786709930,2016-11-04,2016-11-06,2016-11-06,find books to listen to on audible about startups,,,,,,,School,
207435132331499,2016-11-04,2016-11-04,2016-11-04,fix insync on ubuntu,,,,,,,School,
148623786709932,2016-11-07,2016-11-10,2016-11-10,register for pit band lol,,,,,,,School,
148623786709928,2016-11-02,2016-11-09,2016-11-09,learn first confortably numb solo,,,,2016-11-05,,,School,
204426014369599,2016-10-30,2016-11-10,2016-11-10,organize classes in spire shopping cart,,,,,,,School,
148623786709924,2016-10-31,2016-11-01,2016-11-01,make more alarms,,,,,,,School,
203096978695020,2016-10-26,2016-10-27,2016-10-27,email about nov 11 hoop band date,,,,2016-10-27,,,School,
203692736653961,2016-10-27,2016-11-13,2016-11-13,sign up for seed pitch,,,,2016-11-17,,,School,
201947175966588,2016-10-25,2016-10-25,2016-10-25,fill out pre-reg checklist,,,,2016-10-25,,,School,
201947175966591,2016-10-25,2016-10-25,2016-10-25,find out where Greg's office is,,,,2016-10-25,,,School,
201648184747228,2016-10-24,2016-10-24,2016-10-24,EMAIL KATHRYN!,,,,2016-10-24,,,School,
201026256401558,2016-10-24,2016-10-24,2016-10-24,create time management system,,,,2016-10-24,,alarms? calendar? reminders? external application?,School,
148623786709908,2016-10-16,2016-10-25,2016-10-25,call cics for advising appt (wait until after CICS ET Meeting),,,,2016-10-25,,,School,
201648184747247,2016-10-24,2016-10-25,2016-10-25,sign up for hoop band dates,,,,2016-10-25,,,School,
201947175966596,2016-10-25,2016-10-26,2016-10-26,print comp sci BS class flowchart thing,,,,2016-10-25,,,School,
201947175966599,2016-10-25,2016-10-28,2016-10-28,restring guitar,,,,2016-10-28,,,School,
148623786709884,2016-09-20,2016-11-04,2016-11-04,email dad about cpr class,,,,2016-11-04,,http://www.umass.edu/ems/#/cpr,School,
206576804599523,2016-11-02,2016-11-04,2016-11-04,sign up for bar tending,,,,2016-11-04,,,School,
201947175966602,2016-10-25,2016-11-01,2016-11-01,wash fucking mug,,,,2016-10-27,,,School,
198763516436953,2016-10-18,2016-11-06,2016-11-06,one page resume,,,,2016-11-05,,"https://simplicitywanted.com/myresume

",School,
207847959074715,2016-11-06,2016-11-07,2016-11-07,finish one page resume,,,,,,,School,
207735245843184,2016-11-04,2016-12-07,2016-12-07,website resume,,,,,,"https://my.1and1.com/contract-details?__lf=HomeFlow&__sendingdata=1&selectTechauftrag.contractNumber=62109034 
https://sean-kelley-9ll6.squarespace.com/config/pages 
https://www.themuse.com/advice/how-to-build-a-resume-website-that-will-impress-every-hiring-manager-who-sees-it 


http://www.wix.com/website-template/view/html/1885?originUrl=http%3A%2F%2Fwww.wix.com%2Fwebsite%2Ftemplates%2Fhtml%2Fnew%2F1&bookName=&galleryDocIndex=7&category=new 
",School,
207813536439897,2016-11-05,2016-11-06,2016-11-06,buy http://seangtkelley.com/,,,,,,,School,
148623786709910,2016-10-16,2016-10-24,2016-10-24,write pitch for innovation challenge,,,,,,,School,
200785803637408,2016-10-23,2017-07-26,2017-07-26,watch shit,,,,,,"howls moving castle
nausicaa
yeh jawaani hai deewani
http://www.viki.com/videos/44699v-boys-over-flowers-episode-1 ",School,
226067738071316,2016-12-06,2016-12-07,2016-12-07,make title text on website resume have black text shadow,,,,,,,School,
224347843550216,2016-12-04,2016-12-08,2016-12-08,trip advisor app,,,,2016-12-22,,,School,
224347843550219,2016-12-04,2017-01-23,2017-01-23,facebook U app,,,,2017-01-02,,,School,
224347843550223,2016-12-04,2017-01-23,2017-01-23,check masschallenge interships,,,,2017-01-25,,,School,
224347843550227,2016-12-04,2017-01-23,2017-01-23,more internships,,,,2016-12-31,,"https://www.martystepp.com/cs-internships-for-freshmen/
https://www.quora.com/As-a-college-freshman-majoring-in-CS-what-can-I-do-to-potentially-get-an-internship-over-the-summer

",School,
148623786709920,2016-10-18,2016-10-31,2016-10-31,UnknownName: Better app for finding police record for job or college app,,,,,,"Right now, the current system is just a simple lookup that gives a binary yes/no if someone has a record. This is unfair, especially for minorities mistreated by the justice system that only committed minor crimes. This new system would display the severity of the crime as well as accompanying police reports to give the reviewer a more accurate view of the applicant and the applicant a fair chance.",School,
303034260404681,2017-03-25,2017-03-29,2017-03-29,email elliott about working over summer,,,,,,,School,
344983637387334,2017-05-18,2017-07-26,2017-07-26,thatcher signups,,,,,,,School,
148623786709989,2017-05-29,2017-05-29,2017-05-29,reschedule call,,,,,,,School,
148623786709897,2016-10-09,2016-10-31,2016-10-31,ForgitAboutIt: for transferong ownershup of yoir abandoned projects,,,,,,,School,
259586094418436,2017-02-01,2017-02-08,2017-02-08,FDTU,,,,,,,School,
329339568198555,2017-04-27,2017-04-28,2017-04-28,email sociology prof about being in argentina,,,,,,,School,
256906408431107,2017-01-29,2017-01-31,2017-01-31,read pages 1-8,,,,2017-01-31,,,School,
303034260404682,2017-03-25,2017-03-29,2017-03-29,email spanish dude about taking 465 second summer session,,,,,,,School,
259586094418437,2017-02-01,2017-02-08,2017-02-08,accent pattern thing,,,,,,,School,
193549480238769,2016-10-09,2016-10-31,2016-10-31,Keysmash: site for budding programmers in need of entry level projects,,,,,,,School,
305791600505561,2017-03-29,2017-03-29,2017-03-29,email eric sommers,,,,,,,School,
305791600505562,2017-03-29,2017-03-30,2017-03-30,email physics advisor dude,,,,,,,School,
228887924579354,2016-12-12,2017-02-20,2017-02-20,enter sandman,,,,,,,School,
305791600505563,2017-03-29,2017-03-29,2017-03-29,email andrew,,,,,,,School,
148623786709969,2017-02-07,2017-02-23,2017-02-23,Parliament band listen,,,,,,,School,
228887924579356,2016-12-12,2017-02-12,2017-02-12,jump,,,,,,,School,
305987583414396,2017-03-29,2017-03-31,2017-03-31,CMDB-390,,,,,,,School,
228887924579358,2016-12-12,2017-02-01,2017-02-01,don't stop me now,,,,,,,School,
252205571315517,2017-01-23,2017-01-23,2017-01-23,OperationalError: too many SQL variables,,,,,,,School,
224247142885269,2016-12-05,2016-12-09,2016-12-09,"ask elliott what to do with old db columns department, manager_name, and manager_email",,,,2016-12-09,,,School,
227554927683995,2016-12-08,2016-12-08,2016-12-08,figure out work schedules,,,,2016-12-08,,,School,
227554927683997,2016-12-08,2016-12-08,2016-12-08,email elliott work schedules,,,,2016-12-08,,,School,
223820181418653,2016-12-02,2016-12-05,2016-12-05,fix manager select not selecting,,,,,,,School,
148623786709939,2016-11-17,2016-11-28,2016-11-28,incidents spacing crap,,,,,,,School,
214442615467681,2016-11-17,2016-11-17,2016-11-17,add results section back to change requests,,,,,,,School,
214442615467683,2016-11-17,2016-11-17,2016-11-17,make results section behave like history on incidents,,,,,,,School,
214442615467685,2016-11-17,2016-11-17,2016-11-17,debug why manager reviewer name is not being set,,,,,,,School,
210482971204973,2016-11-10,2016-11-14,2016-11-14,enable history of incidents and change requests to be sorted,,,,,,,School,
211757969259325,2016-11-14,2016-11-17,2016-11-17,make history flip back when arrow pressed again,,,,,,,School,
211757969259323,2016-11-14,2016-11-17,2016-11-17,get font awesome arrow to flip upside down when licked,,,,,,,School,
209411118927669,2016-11-08,2016-11-10,2016-11-10,rework workflow and notify functions to match notification lifecycle on whiteboard,,,,,,,School,
209411118927671,2016-11-08,2016-11-10,2016-11-10,test with preston's canned messages,,,,,,,School,
208078924674491,2016-11-07,2016-11-08,2016-11-08,experiment with behavior of m2m_changed,,,,,,,School,
207435132331506,2016-11-04,2016-11-07,2016-11-07,switch from User to NotificationContact for change requests,,,,,,,School,
207435132331502,2016-11-04,2016-11-04,2016-11-04,figure out how to hook up notification contact groups instead of just individual contacts,,,,,,,School,
205279075447101,2016-11-01,2016-11-04,2016-11-04,watch for subtasks to take for email,,,,,,,School,
204028331340841,2016-10-31,2016-11-01,2016-11-01,finalize text for notification buttons,,,,,,workstart/work completed? notify/send notification,School,
204380952515946,2016-10-31,2016-11-01,2016-11-01,create event handling for buttons,,,,,,,School,
204380952515950,2016-10-31,2016-11-01,2016-11-01,popup notification to confirm email send?,,,,,,,School,
204380952515948,2016-10-31,2016-11-01,2016-11-01,send email notification,,,,,,,School,
204380952515952,2016-10-31,2016-11-01,2016-11-01,manual text update field for email,,,,,,,School,
204380952515954,2016-10-31,2016-11-01,2016-11-01,send manual update,,,,,,,School,
201026256401554,2016-10-24,2016-10-25,2016-10-25,many to many multiselect for change requests related to incident,,,,,,,School,
201026256401556,2016-10-24,2016-10-27,2016-10-27,many to many multiselect for incidents related to change request,,,,,,,School,
200785803637393,2016-10-22,2016-10-24,2016-10-24,tell Elliot to run bower on test server,,,,2016-10-24,,,School,
200239205780852,2016-10-20,2016-10-24,2016-10-24,find new issue,,,,2016-10-24,,,School,
198493783584543,2016-10-18,2016-10-20,2016-10-20,finish fixing function for finding services dependent on current service,,,,,,,School,
198493783584545,2016-10-18,2016-10-20,2016-10-20,import d3 with npm,,,,,,,School,
196365641233377,2016-10-14,2016-10-18,2016-10-18,create view that shows tree,,,,,,,School,
196365641233379,2016-10-14,,2016-10-14,create route that overrides an admin url,,,,,,,,create view that shows tree
196365641233381,2016-10-14,,2016-10-14,create view that takes service id as parameter,,,,,,,,create view that shows tree
196365641233383,2016-10-14,,2016-10-14,get service with id,,,,,,,,create view that shows tree
196365641233385,2016-10-14,,2016-10-14,pass json string to view,,,,,,,,create view that shows tree
196365641233387,2016-10-14,,2016-10-14,echo json string in javascript,,,,,,,,create view that shows tree
196365641233389,2016-10-14,,2016-10-14,import d3 with npm??,,,,,,,,create view that shows tree
196129726023057,2016-10-13,2016-10-14,2016-10-14,create model function for creating d3 json,,,,,,,School,
196129726023061,2016-10-13,2016-10-14,2016-10-14,"from service, get logical components it depends on",,,,,,,,create model function for creating d3 json
196129726023063,2016-10-13,2016-10-14,2016-10-14,"from logical components, get components they depend on",,,,,,,,create model function for creating d3 json
196129726023065,2016-10-13,2016-10-14,2016-10-14,create json string according to d3 format,,,,,,,,create model function for creating d3 json
196365641233373,2016-10-14,,2016-10-14,,,,,,,,,create model function for creating d3 json
344983637387335,2017-05-18,2017-05-29,2017-05-29,intel data intern #yolo,,,,,,,School,
194508582511127,2016-10-11,2016-10-11,2016-10-11,finish function to remove hard coding of status id,,,,,,,School,
291228827367138,2017-03-10,2017-05-18,2017-05-18,,,,,,,,School,
259512967157588,2017-01-31,2017-02-01,2017-02-01,fix conflits,,,,,,,School,
193175694514153,2016-10-07,2016-10-11,2016-10-11,make formData tooldisabled inline expression into scope function,,,,,,,School,
291228827367139,2017-03-10,2017-03-21,2017-03-21,DYWAAT,,,,,,,School,
259512967157589,2017-01-31,2017-02-01,2017-02-01,fix search,,,,,,,School,
148623786709983,2017-04-21,2017-04-24,2017-04-24,write part for guitar for without love,,,,,,,School,
393474734000516,2017-07-26,2017-07-26,2017-07-26,watch shit,,,,,,,School,
291228827367140,2017-03-10,2017-03-21,2017-03-21,effects for jordan,,,,,,,School,
393474734000517,2017-07-26,2017-07-26,2017-07-26,,,,,,,,School,
393474734000518,2017-07-26,2017-07-26,2017-07-26,thatcher signups,,,,,,,School,
393474734000519,2017-07-26,2017-07-26,2017-07-26,,,,,,,,School,
393474734000520,2017-07-26,2017-07-26,2017-07-26,nvidia classes,,,,,,,School,
393474734000521,2017-07-26,2017-07-26,2017-07-26,,,,,,,,School,
393474734000522,2017-07-26,2017-07-26,2017-07-26,transfer pictures,,,,,,,School,
393474734000523,2017-07-26,2017-07-26,2017-07-26,,,,,,,,School,
393474734000524,2017-07-26,2017-07-26,2017-07-26,AIESEC post,,,,,,,School,
393474734000525,2017-07-26,2017-07-26,2017-07-26,,,,,,,,School,
393474734000526,2017-07-26,2017-07-26,2017-07-26,finish creation of algorithms code for hodler,,,,,,,School,
393474734000527,2017-07-26,2017-07-26,2017-07-26,,,,,,,,School,
393474734000528,2017-07-26,2017-07-26,2017-07-26,write response,,,,,,,School,
344983637387336,2017-05-18,2017-07-26,2017-07-26,nvidia classes,,,,,,,School,
351764138393837,2017-05-29,2017-05-29,2017-05-29,VPN research and purchase,,,,,,,School,
351764138393839,2017-05-29,2017-05-29,2017-05-29,cancel netflix,,,,,,,School,
148623786709988,2017-05-29,2017-05-29,2017-05-29,fix mint using web,,,,,,,School,
177397329054770,2016-09-06,2017-05-18,2017-05-18,,,,,,,,School,
148623786709981,2017-04-03,2017-04-04,2017-04-04,"CHECK MOODLE 
calc exam problems: limit, derivatives, walking on mountain",,,,,,,School,
214922999305655,2016-11-17,2016-11-22,2016-11-22,get dat HW,,,,2016-11-27,,,School,
148623786709936,2016-11-08,2016-11-10,2016-11-10,limit comparison test moar,,,,,,,School,
148623786709927,2016-11-01,2016-11-05,2016-11-05,study your ass off,,,,,,,School,
207735245843179,2016-11-04,2016-11-10,2016-11-10,review for test,,,,2016-11-09,,,School,
207735245843181,2016-11-04,2016-11-06,2016-11-06,extra hw,,,,2016-11-06,,,School,
204426014369595,2016-10-30,2016-11-02,2016-11-02,redo quiz 5 + 6,,,,2016-11-01,,,School,
204426014369597,2016-10-30,2016-10-31,2016-10-31,do quiz 7,,,,2016-11-03,,,School,
148623786709923,2016-10-26,2016-10-30,2016-10-30,rewrite calc notes for improper integrals and comparison,,,,2016-10-30,,,School,
200785803637395,2016-10-22,2016-10-26,2016-10-26,QUIZ!,,,,2016-10-27,,,School,
192935779744801,2016-10-07,2016-10-12,2016-10-12,create study guide,,,,,,,School,
192935779744803,2016-10-07,2016-10-12,2016-10-12,practice exam,,,,,,,School,
148623786709894,2016-10-04,2016-10-04,2016-10-04,practice test,,,,,,,School,
187758163159002,2016-09-29,2016-10-02,2016-10-02,quiz,,,,,,,School,
148623786709890,2016-09-28,2016-09-28,2016-09-28,check sylabus for tests,,,,,,,School,
148623786709881,2016-09-20,2016-09-22,2016-09-22,exercise 2,,,,,,,School,
148623786709878,2016-09-13,2016-09-15,2016-09-15,do review sheet,,,,2016-09-15,,,School,
177397329054797,2016-09-06,2016-09-08,2016-09-08,set up webassign,,,,2016-09-08,,,School,
273132431841395,2017-02-15,2017-02-20,2017-02-20,practice exams,,,,2017-02-20,,,School,
305987583414400,2017-03-29,2017-04-05,2017-04-05,study,,,,,,,School,
318763311176283,2017-04-13,2017-04-15,2017-04-15,16.1-16.4,,,,,,,School,
262161451953046,2017-02-04,2017-02-09,2017-02-09,up to 14,,,,2017-02-09,,,School,
291228827367136,2017-03-10,2017-03-16,2017-03-16,"14.7, 14.8",,,,,,,School,
313970912971233,2017-04-08,2017-04-08,2017-04-08,15.3,,,,,,,School,
313971729000596,2017-04-08,2017-04-08,2017-04-08,15.4,,,,,,,School,
295812980824333,2017-03-15,2017-03-25,2017-03-25,calculus practices,,,,,,,School,
299693686632963,2017-03-21,2017-03-23,2017-03-23,15.2,,,,,,,School,
177397329054778,2016-09-06,2017-05-18,2017-05-18,,,,,,,,School,
148623786709987,2017-04-28,2017-04-28,2017-04-28,upload homework,,,,,,,School,
148623786709986,2017-04-27,2017-05-18,2017-05-18,check grade for all extra credit,,,,,,,School,
148623786709985,2017-04-27,2017-04-29,2017-04-29,conjectures with future and conditional,,,,,,,School,
148623786709984,2017-04-27,2017-04-29,2017-04-29,study review PowerPoint,,,,,,,School,
148623786709976,2017-03-30,2017-03-31,2017-03-31,print hw,,,,,,,School,
148623786709979,2017-03-31,2017-03-31,2017-03-31,upload hw,,,,,,,School,
148623786709977,2017-03-30,2017-03-31,2017-03-31,email carlos about grammar books for other languages,,,,,,,School,
263530649598572,2017-02-06,2017-02-06,2017-02-06,composition 1!,,,,2017-02-07,,,School,
266575225424123,2017-02-07,2017-02-08,2017-02-08,turn in composition,,,,2017-02-08,,,School,
270474640784916,2017-02-12,2017-02-15,2017-02-15,second draft of composition 1,,,,2017-02-16,,,School,
148623786709965,2017-01-31,2017-02-15,2017-02-15,read sylabus and create notes for upcoming chapters,,,,2017-02-15,,,School,
266901575086220,2017-02-08,2017-02-10,2017-02-10,parcel 1,,,,2017-02-10,,,School,
273132431841392,2017-02-15,2017-02-16,2017-02-16,"Lección 8: A, C, E, F, G",,,,2017-02-17,,,School,
266901575086221,2017-02-08,2017-02-09,2017-02-09,"Lección 3: A, E, F, H",,,,,,,School,
266901575086223,2017-02-08,2017-02-15,2017-02-15,"Lección 4: A, E, F, G, H, J",,,,2017-02-15,,,School,
148623786709967,2017-02-02,2017-02-12,2017-02-12,make or find flash cards for L.2 exceptions and homonyms,,,,2017-02-12,,,School,
273132431841390,2017-02-15,2017-02-16,2017-02-16,"Lección 7: B, C, D, E, G",,,,2017-02-17,,,School,
148623786709959,2017-01-26,2017-01-26,2017-01-26,change lab,,,,,,,School,
148623786709960,2017-01-26,2017-01-26,2017-01-26,go to old lab,,,,,,,School,
253914366999667,2017-01-25,2017-01-26,2017-01-26,lab hw,,,,,,,School,
224228521393399,2016-12-02,2016-12-09,2016-12-09,study guide,,,,,,vocab and grammer nerd,School,
221699540284302,2016-11-30,2016-11-30,2016-11-30,print essay,,,,,,,School,
148623786709942,2016-11-30,2016-12-02,2016-12-02,p 183 review,,,,,,,School,
215255504637091,2016-11-17,2016-11-18,2016-11-18,ADD IMPORTANT STUFF TO ESSAY,,,,,,,School,
214922999305663,2016-11-17,2016-11-17,2016-11-17,essay!,,,,2016-11-17,,,School,
214922999305657,2016-11-17,2016-11-18,2016-11-18,more flashcards,,,,,,,School,
214922999305659,2016-11-17,2016-11-21,2016-11-21,notes,,,,2016-11-27,,,School,
210071830335223,2016-11-09,2016-11-14,2016-11-14,oral exam prep,,,,,,,School,
207735245843189,2016-11-05,2016-11-05,2016-11-05,chapter 9 notes,,,,,,,School,
148623786709929,2016-11-02,2016-11-02,2016-11-02,do hw!!!!!!,,,,,,,School,
148623786709926,2016-10-31,2016-11-01,2016-11-01,review page 154,,,,2016-11-01,,,School,
148623786709925,2016-10-31,2016-11-05,2016-11-05,create notes for chapters 8+9,,,,2016-11-06,,,School,
207735245843175,2016-11-04,2016-11-14,2016-11-14,prepare for written and oral exam,,,,,,,School,
148623786709931,2016-11-07,2016-11-07,2016-11-07,practice test,,,,,,,School,
207735245843177,2016-11-04,2016-11-16,2016-11-16,begin outlining essay,,,,,,,School,
148623786709922,2016-10-24,2016-10-26,2016-10-26,leer 148,,,,2016-10-26,,,School,
148623786709903,2016-10-16,2016-10-17,2016-10-17,monday shit!,,,,,,,School,
193549480238773,2016-10-09,2016-10-11,2016-10-11,Essay,,,,2016-10-12,,,School,
189222571319179,2016-09-30,2016-10-04,2016-10-04,create review notes,,,,,,,School,
189222571319181,2016-09-30,2016-10-07,2016-10-07,prepare for both oral prompts,,,,,,,School,
148623786709893,2016-10-04,2016-10-04,2016-10-04,print study guide,,,,,,,School,
189699816718590,2016-10-02,2016-10-03,2016-10-03,PRACTICE TEST,,,,,,,School,
148623786709889,2016-09-28,2016-09-28,2016-09-28,sylabus has tests,,,,,,,School,
187758163159000,2016-09-27,2016-09-27,2016-09-27,next assignment,,,,,,,School,
330969698057531,2017-04-29,2017-05-02,2017-05-02,Discurso indirecto (en el pasado) (Lección 17),,,,,,,School,
288012739493234,2017-03-07,2017-03-09,2017-03-09,"Lección 10: C, D, E, H",,,,,,,School,
253608026556500,2017-01-24,2017-01-25,2017-01-25,book,,,,,,,School,
317853495691920,2017-04-12,2017-04-13,2017-04-13,"conjugations for preterite, imperfecto, subjunctivo, imperative",,,,,,,School,
330969698057533,2017-04-29,2017-05-02,2017-05-02,"Clausulas adverbiales (cuando, como, donde, porque, aunque, mientras, etc.). No olviden estudiar también los conectores lógicos (logical transitions) (Lección 21)",,,,,,,School,
177397329054794,2016-09-06,2016-09-13,2016-09-13,pick up books,,,,2016-09-13,,,School,
330969698057535,2017-04-29,2017-05-02,2017-05-02,Adverbios y locuciones adverbiales (Lección 16),,,,,,,School,
330969698057537,2017-04-29,2017-05-02,2017-05-02,Uso y formas irregulares del presente perfecto y el pluscuamperfecto (Lección 19),,,,,,,School,
276549491841750,2017-02-20,2017-02-20,2017-02-20,"Leccion 9: A, B, C, G, H",,,,,,,School,
258501062502665,2017-01-31,2017-02-02,2017-02-02,lab hw,,,,,,,School,
330969698057539,2017-04-29,2017-05-02,2017-05-02,"Uso del futuro (amaré), futuro perfecto (habré amado) y el condicional (amaría) para hacer conjeturas. (Lección 20)",,,,,,,School,
313970912971231,2017-04-08,2017-04-12,2017-04-12,read back though lectures,,,,,,,School,
330969698057541,2017-04-29,2017-05-02,2017-05-02,Cláusulas condicionales (lección 20),,,,,,,School,
330969698057543,2017-04-29,2017-05-02,2017-05-02,Opiniones personales (e.g. me gusta que…) e impersonales (es bueno que…) subjetivas (con subjuntivo) (Lección 15),,,,,,,School,
328197122341869,2017-04-25,2017-04-30,2017-04-30,palabras locativas leccion 4,,,,,,,School,
319240980989165,2017-04-15,2017-04-16,2017-04-16,Leccion 19-21,,,,,,,School,
318763311176282,2017-04-13,2017-04-15,2017-04-15,parcel 4,,,,,,,School,
277893731351201,2017-02-21,2017-02-23,2017-02-23,parcel 2,,,,2017-02-25,,,School,
303534360396103,2017-03-27,2017-03-31,2017-03-31,parcel 3,,,,,,,School,
228562585665039,2016-12-10,2016-12-11,2016-12-11,oral exam,,,,,,,School,
256906408431101,2017-01-29,2017-01-30,2017-01-30,pick up book,,,,2017-01-30,,,School,
291228827367137,2017-03-10,2017-03-16,2017-03-16,"14, 15",,,,,,,School,
253608026556496,2017-01-24,2017-01-25,2017-01-25,iclicker,,,,,,,School,
325595018308499,2017-04-23,2017-04-25,2017-04-25,identify important study topics,,,,,,,School,
148623786709971,2017-02-17,2017-02-19,2017-02-19,fix lab hw errors,,,,,,,School,
299657131651127,2017-03-21,2017-03-25,2017-03-25,composition 3,,,,2017-03-28,,,School,
280074418072233,2017-02-23,2017-03-07,2017-03-07,exam review,,,,,,,School,
317853495691921,2017-04-12,2017-04-13,2017-04-13,usages of ^,,,,,,,School,
313970912971234,2017-04-08,2017-04-12,2017-04-12,buff out notes,,,,,,,School,
177397329054811,2016-09-06,2016-09-06,2016-09-06,print out sllybus,,,,2016-09-07,,,School,
256906408431102,2017-01-29,2017-01-30,2017-01-30,register iclicker,,,,2017-01-30,,,School,
177397329054813,2016-09-06,2016-09-13,2016-09-13,setup pearson online when book arrives,,,,2016-09-13,,file:///D:/Downloads/My%20Spanish%20Lab%20Instruction%20for%20Students.pdf ,School,
299693686632960,2017-03-21,2017-03-22,2017-03-22,"Lección 16: B, D, I",,,,,,,School,
277893731351202,2017-02-21,2017-02-23,2017-02-23,composicion 2,,,,,,,School,
295812980824326,2017-03-15,2017-03-15,2017-03-15,"Lección 11: A, B, D, E",,,,,,,School,
313970912971232,2017-04-08,2017-04-13,2017-04-13,memorize adverbs,,,,,,,School,
313971729000597,2017-04-08,2017-04-13,2017-04-13,dicurso indirecto activities,,,,,,,School,
299693686632961,2017-03-21,2017-03-22,2017-03-22,Lección 17: A & B,,,,,,,School,
313970912971235,2017-04-08,2017-04-08,2017-04-08,correct essay,,,,,,,School,
179665031917776,2016-09-12,2016-09-13,2016-09-13,get actual notebook,,,,2016-09-13,,,School,
180368033781970,2016-09-13,2016-09-13,2016-09-13,transfer notes,,,,2016-09-13,,,School,
295812980824328,2017-03-15,2017-03-15,2017-03-15,"Lección 13: D, E, F, I, J, K",,,,,,,School,
181097364903278,2016-09-13,2016-09-15,2016-09-15,grind,,,,2016-09-15,,,School,
148623786709879,2016-09-14,2016-09-15,2016-09-15,email about late work,,,,2016-09-15,,,School,
148623786709918,2016-10-17,2016-10-18,2016-10-18,read 140 and get words,,,,,,,School,
198763516436951,2016-10-18,2016-10-19,2016-10-19,wednesday shit!,,,,,,,School,
198763516436965,2016-10-19,2016-10-22,2016-10-22,new essay draft,,,,2016-10-21,,,School,
200785803637405,2016-10-22,2016-10-24,2016-10-24,email about late work,,,,2016-10-24,,,School,
200785803637402,2016-10-22,2016-10-30,2016-10-30,make flashcards,,,,2016-10-28,,,School,
148623786709917,2016-10-17,2016-11-17,2016-11-17,go to spanish lunch,,,,2016-11-16,,,School,
201648184747172,2016-10-24,2016-10-24,2016-10-24,DO STUFFF,,,,,,,School,
295812980824330,2017-03-15,2017-03-16,2017-03-16,"Lección 14: A, C, E, F",,,,,,,School,
295812980824332,2017-03-15,2017-03-16,2017-03-16,"Lección 15: A, C, D, G",,,,,,,School,
177397329054780,2016-09-06,2017-05-18,2017-05-18,,,,,,,,School,
224228521393394,2016-12-02,2016-12-03,2016-12-03,project,,,,2016-12-08,,,School,
214922999305661,2016-11-17,2016-11-22,2016-11-22,get dat HW,,,,2016-11-27,,,School,
207879281133317,2016-11-06,2016-11-11,2016-11-11,project 5,,,,2016-11-18,,,School,
205279075447105,2016-11-01,2016-11-01,2016-11-01,finish 11/10 work,,,,2016-11-10,,,School,
148623786709902,2016-10-16,2016-10-26,2016-10-26,finish through October,,,,2016-10-27,,,School,
200785803637383,2016-10-22,2016-10-27,2016-10-27,project 4,,,,2016-10-31,,,School,
148623786709898,2016-10-10,2016-10-10,2016-10-10,email about applying to major,,,,,,,School,
192935779744799,2016-10-07,2016-10-14,2016-10-14,create study guide,,,,,,,School,
350625565541767,2017-05-26,2017-05-29,2017-05-29,make allcoin account with vpn,,,,,,,School,
193508187253016,2016-10-08,2016-10-10,2016-10-10,genetic programming,,,,,,,School,
187758163158998,2016-09-27,2016-09-30,2016-09-30,next discussion thing,,,,,,,School,
148623786709891,2016-09-30,2016-09-30,2016-09-30,schedule exam,,,,,,,School,
182524850045595,2016-09-16,2016-09-23,2016-09-23,complete next discussion,,,,,,,School,
391976121787817,2017-07-24,2017-07-26,2017-07-26,transfer pictures,,,,,,,School,
179665031917766,2016-09-12,2016-09-13,2016-09-13,project,,,,2016-09-15,,,School,
256906408431103,2017-01-29,2017-01-30,2017-01-30,register iclicker,,,,2017-01-30,,,School,
280074418072231,2017-02-23,2017-02-25,2017-02-25,project 5,,,,2017-03-03,,,School,
305987583414399,2017-03-29,2017-04-06,2017-04-06,study,,,,,,,School,
268899315426644,2017-02-09,2017-02-12,2017-02-12,read slides and do project,,,,2017-02-12,,,School,
313970912971230,2017-04-08,2017-04-09,2017-04-09,project 9 rip,,,,,,,School,
262161451953047,2017-02-03,2017-02-04,2017-02-04,new project,,,,,,,School,
253608026556497,2017-01-24,2017-01-25,2017-01-25,iclicker,,,,,,,School,
275080155259550,2017-02-16,2017-02-20,2017-02-20,midterm practice,,,,2017-02-20,,,School,
253608026556498,2017-01-24,2017-01-25,2017-01-25,project,,,,,,,School,
177397329054782,2016-09-06,2016-09-07,2016-09-07,install java and jgrasp,,,,2016-09-08,,,School,
177397329054784,2016-09-06,2016-09-08,2016-09-08,do first assignment,,,,2016-09-08,,,School,
177397329054786,2016-09-06,2016-09-08,2016-09-08,read class docs,,,,2016-09-08,,,School,
177397329054788,2016-09-06,2016-09-08,2016-09-08,read discussion docs,,,,2016-09-09,,,School,
181671649312051,2016-09-15,2016-09-15,2016-09-15,project,,,,2016-09-22,,,School,
179665031917793,2016-09-12,2017-05-18,2017-05-18,,,,,,,,School,
148623786709970,2017-02-07,2017-02-12,2017-02-12,journal and part 1 chapter 1 quiz,,,,2017-02-13,,,School,
148623786709966,2017-01-31,2017-02-05,2017-02-05,"Part 2, Chapters 1 & 4",,,,2017-02-06,,https://docs.google.com/forms/d/128Vaehq-lUcR3UJrPXFWof3RieLjtCwhDVo-3RlUabo/viewform?usp=send_form,School,
253914366999671,2017-01-25,2017-01-25,2017-01-25,get book,,,,,,,School,
208617242549055,2016-11-07,2016-11-21,2016-11-21,extra credit questions,,,,2016-11-21,,,School,
211247177023345,2016-11-11,2016-12-13,2016-12-13,take home exam,,,,2016-12-16,,,School,
204426014369603,2016-10-31,2016-11-04,2016-11-04,hw3,,,,2016-11-06,,,School,
148623786709921,2016-10-18,2016-10-22,2016-10-22,install Anaconda,,,,2016-10-31,,,School,
148623786709905,2016-10-16,2016-10-22,2016-10-22,hw2,,,,2016-10-31,,,School,
148623786709895,2016-10-04,2016-10-11,2016-10-11,first assignment,,,,2016-10-11,,,School,
187758163159006,2016-09-27,2016-10-10,2016-10-10,look over last powerpoints,,,,,,,School,
350625565541768,2017-05-26,2017-05-29,2017-05-29,make bitfinex account with vpn,,,,,,,School,
148623786709882,2016-09-20,2016-09-27,2016-09-27,do python stuff,,,,,,,School,
275881717658798,2017-02-19,2017-02-20,2017-02-20,"Part 1, Chapter 2 & Part 3, Chapter 4 ",,,,,,,School,
313970912971229,2017-04-08,2017-04-10,2017-04-10,"HTWF Part 3, chapter 7",,,,,,https://docs.google.com/forms/d/e/1FAIpQLScOwACqCT8jFZ-w0E9-Vqiq15SbGXfMyEfDuAUCiQgeacZpWg/viewform,School,
273132431841394,2017-02-15,2017-02-19,2017-02-19,journal (Practice not complaining),,,,2017-02-20,,,School,
280074418072232,2017-02-23,2017-03-20,2017-03-20,"Part 3, Chapters 1, 2 and 3",,,,2017-03-20,,,School,
305987583414398,2017-03-29,2017-04-02,2017-04-02,more readings?,,,,,,,School,
179665031917796,2016-09-12,2016-09-13,2016-09-13,get actual notebook,,,,2016-09-13,,,School,
391976121787818,2017-07-24,2017-07-26,2017-07-26,AIESEC post,,,,,,,School,
291228827367141,2017-03-10,2017-03-22,2017-03-22,"Part 2, Chapters 2 and 3 ",,,,2017-03-27,,,School,
313982658578702,2017-04-08,2017-04-08,2017-04-08,absence things,,,,,,,School,
308553654088089,2017-04-02,2017-04-02,2017-04-02,"Part 1, chapter 3 & Part 2, Chapter 5",,,,,,https://docs.google.com/forms/d/e/1FAIpQLSdG9T1L9OD7MWRtKvIt-cmZKkSgKodZkF8NaIsSI6L7Jf-FVA/viewform,School,
308553654088090,2017-04-02,2017-04-02,2017-04-02,Journal - Practice smiling : ] ,,,,,,,School,
177397329054776,2016-09-06,2017-05-18,2017-05-18,,,,,,,,School,
148623786709978,2017-03-30,2017-04-09,2017-04-09,note sheet,,,,,,,School,
148623786709950,2016-12-05,2016-12-08,2016-12-08,look at adams shit,,,,,,,School,
225505274873337,2016-12-05,2016-12-08,2016-12-08,first draft cover letter Khan Academy Software Development,,,,2016-12-09,,https://boards.greenhouse.io/khanacademy/jobs/15827#.WEmLX4grJhE ,School,
148623786709944,2016-11-30,2016-12-04,2016-12-04,CHICAGO,,,,,,,School,
224228521393392,2016-12-02,2016-12-04,2016-12-04,revise a bit,,,,,,,School,
148623786709943,2016-11-30,2016-12-04,2016-12-04,figure out internship for unit 4,,,,,,,School,
148623786709938,2016-11-17,2016-11-22,2016-11-22,chicago style citing,,,,2016-11-27,,,School,
214922999305651,2016-11-17,2016-11-22,2016-11-22,new draft,,,,2016-11-27,,,School,
214922999305653,2016-11-17,2016-11-22,2016-11-22,fix annotated bibliography,,,,2016-11-27,,,School,
210071830335230,2016-11-09,2016-11-16,2016-11-16,annotated bibliography,,,,2016-11-18,,,School,
148623786709937,2016-11-09,2016-11-16,2016-11-16,draft by next Friday,,,,2016-11-18,,,School,
208749986686222,2016-11-08,2016-11-09,2016-11-09,moar,,,,,,,School,
207630483902058,2016-11-04,2016-11-06,2016-11-06,foundation research,,,,,,,School,
206405809789432,2016-11-02,2016-11-02,2016-11-02,sign up for conference,,,,,,,School,
205316354221728,2016-11-01,2016-11-03,2016-11-03,read articles,,,,2016-11-03,,,School,
206576804599520,2016-11-02,2016-11-03,2016-11-03,take notes,,,,2016-11-03,,,School,
205316354221719,2016-10-31,2016-11-01,2016-11-01,brainstorm,,,,2016-11-02,,"The only other thing to do this weekend is to begin thinking about unit 3. There will be a full unit description posted on Monday, but for the moment... remember how I told you to always think about purpose, audience, and form when writing? Well, for this unit, you get to decide on all of them - what you're writing about and your aims for the piece (purpose), who you're writing to and how this will alter the tone/layout/language/etc (audience), and the best delivery system for the information (form). The only rule is that it needs to be a researched piece (and uses that effective research to create a greater effect in terms of argument). This means it could be anything from a piece of political poetry (that uses footnotes to explain how research--of other poetry, critical texts on creative writing, and background research--has shaped the piece), a journalistic piece about some facet of the university (maybe one that could even be sent for publication in the Collegian, if that interests you), a tongue-in-cheek/serious/whatever guide to <insert audience> on <insert topic>, an academic essay on <insert whatever topic interests you here>, a vlog about a particular issue to a particular audience, or just about anything else. Seriously, as with unit 1, the sky is the limit here; it just needs to be effectively researched, and written with your chosen purpose/audience/form in mind!",School,
205126456840397,2016-10-31,2016-10-31,2016-10-31,WRITE RESPONSE!,,,,2016-10-31,,,School,
202517506876589,2016-10-26,2016-10-30,2016-10-30,copy editing,,,,2016-10-31,,,School,
273132431841393,2017-02-15,2017-02-19,2017-02-19,"2.1, 2.2, 2.3",,,,2017-02-19,,,School,
253608026556499,2017-01-24,2017-01-25,2017-01-25,book,,,,,,,School,
263530649598571,2017-02-06,2017-02-11,2017-02-11,1.8 and 1.9,,,,2017-02-10,,,School,
148623786709957,2016-12-12,2016-12-16,2016-12-16,put in essay in Adams box or email by Friday,,,,2016-12-16,,,School,
256906408431108,2017-01-29,2017-02-04,2017-02-04,1.1 and 1.2!,,,,2017-02-04,,,School,
262712117431285,2017-02-04,2017-02-05,2017-02-05,1.5 and 1.7,,,,2017-02-05,,,School,
228562585665040,2016-12-10,2016-12-11,2016-12-11,completely rewrite draft -_-,,,,,,,School,
201648184747168,2016-10-24,2016-10-26,2016-10-26,final draft,,,,2016-10-26,,,School,
253608026556501,2017-01-24,2017-01-25,2017-01-25,sites,,,,,,,School,
208676478976896,2016-11-07,2016-11-10,2016-11-10,install new version of reaper,,,,,,,School,
256906408431105,2017-01-29,2017-01-29,2017-01-29,h,,,,,,,School,
208676478976898,2016-11-07,2016-11-11,2016-11-11,test recording on linux,,,,,,,School,
207879281133328,2016-11-06,2017-02-15,2017-02-15,figure out piano chords from HATE verses,,,,,,,School,
207735245843173,2016-11-04,2016-11-06,2016-11-06,listen to jake's recordings,,,,,,,School,
207735245843156,2016-11-04,2016-11-06,2016-11-06,Transpose Hate by 4 Minute,,,,,,,School,
207735245843171,2016-11-04,,2016-11-04,Fix trumpet thing,,,,,,,,Transpose Hate by 4 Minute
207735245843167,2016-11-04,,2016-11-04,Figure out chords from verses,,,,,,,,Transpose Hate by 4 Minute
207813536439895,2016-11-05,2016-11-06,2016-11-06,find good reaper tutorial,,,,,,,School,
204426014369601,2016-10-30,2016-10-31,2016-10-31,install sibelius,,,,,,,School,
204380952515942,2016-10-31,2016-11-05,2016-11-05,install guitarband and logic pro x on mac vm,,,,,,,School,
204426014369589,2016-10-30,2016-10-31,2016-10-31,listen to jakes shit!,,,,2016-10-31,,,School,
201648184747252,2016-10-24,2017-01-23,2017-01-23,transcribe good voice recordings,,,,,,,School,
201648184747254,2016-10-24,2017-02-15,2017-02-15,transcribe dank part from Skin Deep,,,,,,,School,
197736843255627,2016-10-17,2016-10-19,2016-10-19,sign up for conference,,,,,,,School,
199566547190934,2016-10-19,2016-10-20,2016-10-20,print essay,,,,,,,School,
197736843255629,2016-10-17,2016-10-24,2016-10-24,research,,,,,,,School,
200113788458838,2016-10-20,2016-10-24,2016-10-24,finish draft,,,,2016-10-24,,,School,
197736843255631,2016-10-17,2016-10-19,2016-10-19,write first draft by conference?,,,,,,,School,
148623786709906,2016-10-16,2016-10-17,2016-10-17,detailed plan,,,,,,,School,
148623786709901,2016-10-11,2016-10-12,2016-10-12,write ~140 word summary,,,,,,,School,
148623786709900,2016-10-11,2016-10-16,2016-10-16,brainstorm topics for responses,,,,,,,School,
148623786709899,2016-10-11,2016-10-11,2016-10-11,set up appointment,,,,,,,School,
192935779744793,2016-10-07,2016-10-10,2016-10-10,Read 'You Knock My Brain Out This Sunday...' (19-33) and 'Vanishing Languages' (78-87),,,,,,,School,
192935779744795,2016-10-07,2016-10-10,2016-10-10,Write a reverse plan of the essays,,,,,,"'- a summary of each section of the argument (and an overall summary of the full essay)
- notes on how each section is developed (evidence/examples used, any obvious gaps or problems (or fallacious arguments), and how the author moves from one section to the next
- key quotes for each section (feel free to underline them in the book as opposed to writing them down)",School,
192935779744797,2016-10-07,2016-10-10,2016-10-10,Personal response about one of essay plans,,,,,,,School,
148623786709896,2016-10-05,2016-10-06,2016-10-06,write reflection,,,,,,,School,
189699816718592,2016-10-03,2016-10-06,2016-10-06,copy editing,,,,,,,School,
148623786709892,2016-10-03,2016-10-06,2016-10-06,3rd floor bartlett adams box handin,,,,2016-10-06,,,School,
189222571319175,2016-09-30,2016-10-02,2016-10-02,add on at least another paragraph to essay,,,,,,,School,
187106437736706,2016-09-27,2016-09-27,2016-09-27,go through and write less about more; expand on important things; organize thoughts to match quotes,,,,,,,School,
148623786709885,2016-09-21,2016-09-26,2016-09-26,first draft of unit 1,,,,,,,School,
148623786709883,2016-09-20,2016-09-21,2016-09-21,paragraph,,,,,,,School,
181671649312061,2016-09-15,2016-09-16,2016-09-16,find 5 societal constructs you follow(ed) and brainstorm their influences,,,,2016-09-18,,"Think up a list of concepts and ideas that you are not used to questioning (our attitude to authority/parents, a particular life goal, what you think about a particular group/political party/etc, a religious or social belief), and first of all figure out what (or who) has influenced your thinking in regards to these concepts/ideas. For example, attitudes to authority might be impacted by...
... our parents
... our culture
... our biology
... our education
... our class
... our race
... etc",School,
181671649312063,2016-09-15,2016-09-16,2016-09-16,brainstorm positions of authority,,,,2016-09-18,,"Think about (and jot down some notes) regarding how these various elements have shaped your own attitudes. For example, in regards to attitudes to authority being shaped by your parents... maybe they were very liberal, and always wanted you to query things, or maybe you came from a household where kids should be seen but not heard. Did you fit neatly into the mold your parents had constructed for your personality, or did you rebel? What events or stories from your life are archetypal of the sort of attitudes towards authority that your parents attempted to inculcate (both things they did in influencing you, and the ways in which this has played out in your own life)? For culture (again in regards to attitudes towards authority), maybe think about popular movies or TV series (or more interestingly, common trends in these forms of entertainment), or about the history of your particular country... etc, etc. Try to think critically about all these things, as if you were examining another person with these views/ideas. Where do they seem to make sense? Which ones are merely held because they have been unquestioningly transmitted? Which ones clearly need more thought/research? Do this exercise for a few of those concepts and ideas that you thought up in section 1.",School,
148623786709877,2016-09-12,2016-09-14,2016-09-14,read 48-65,,,,2016-09-14,,,School,
179665031917774,2016-09-12,2016-09-13,2016-09-13,get actual notebook,,,,2016-09-13,,,School,
179665031917780,2016-09-12,2016-09-14,2016-09-14,transfer notes,,,,2016-09-13,,,School,
179665031917782,2016-09-12,2016-09-14,2016-09-14,write intro for Parth,,,,2016-09-14,,,School,
181097364903275,2016-09-13,2016-09-14,2016-09-14,print intro,,,,2016-09-14,,,School,
179665031917784,2016-09-12,2016-09-20,2016-09-20,start brainstorming for Unit 1 essay,,,,2016-09-18,,,School,
182524850045597,2016-09-16,2016-09-20,2016-09-20,print everything for conference,,,,2016-09-18,,,School,
148623786709876,2016-09-12,2016-09-12,2016-09-12,check Moodle,,,,,,,School,
391976121787819,2017-07-24,2017-07-26,2017-07-26,finish creation of algorithms code for hodler,,,,,,,School,
299693686632962,2017-03-21,2017-03-23,2017-03-23,"4.3, 4.4",,,,,,,School,
313970912971228,2017-04-08,2017-04-12,2017-04-12,other kids notes,,,,,,,School,
177397329054799,2016-09-06,2016-09-08,2016-09-08,pick up books,,,,2016-09-10,,,School,
305987583414397,2017-03-29,2017-03-29,2017-03-29,4.6,,,,,,,School,
350625565541769,2017-05-26,2017-05-29,2017-05-29,make poloniex account with vpn,,,,,,,School,
318763311176284,2017-04-13,2017-04-16,2017-04-16,5.1-5.4,,,,,,,School,
177397329054815,2016-09-06,2016-09-08,2016-09-08,read anything left on the moodle,,,,,,,School,
282849537575185,2017-02-28,2017-03-07,2017-03-07,exam review,,,,,,,School,
291228827367135,2017-03-10,2017-03-14,2017-03-14,"3.1, 3.2, 3.3, 4.1, 4.2",,,,,,,School,
184235994521553,2016-09-20,2016-09-21,2016-09-21,print paragraph,,,,,,,School,
326566908754217,2017-04-24,2017-04-24,2017-04-24,6.3,,,,,,,School,
194363819963895,2016-10-10,2016-10-11,2016-10-11,print out stuff,,,,,,,School,
198763516436963,2016-10-19,2016-10-22,2016-10-22,post mark and mail ballot,,,,,,,School,
198763516436959,2016-10-19,2016-10-24,2016-10-24,pack up and drop off phones,,,,,,,School,
148623786709907,2016-10-16,2016-10-19,2016-10-19,list phones to sell,,,,,,,School,
148623786709914,2016-10-17,2016-10-17,2016-10-17,make list of jam songs,,,,,,,School,
148623786709916,2016-10-17,2016-10-22,2016-10-22,hoop band shit,,,,,,"https://www.umass.edu/band/pepbandguests
Password: GameOfThronesF16

http://tanderson.youcanbook.me",School,
198024932145330,2016-10-17,2016-10-22,2016-10-22,ask nick or zach about the location of the audition,,,,,,,School,
148623786709909,2016-10-16,2016-10-18,2016-10-18,sign up for innovation challenge,,,,,,https://www.isenberg.umass.edu/centers/berthiaume-center-for-entrepreneurship,School,
148623786709919,2016-10-17,2016-10-19,2016-10-19,research down ballet races,,,,,,,School,
148623786709913,2016-10-16,2016-10-17,2016-10-17,talk to Nicki,,,,,,"'- I can't operate in state of limbo
- I'm gravitating towards relationship
- is my emotional investment worth it
- we thought being together or ""dating"" would cause us to get in each other's way but that hasn't seemed to happen
- if anything, not knowing what we are has had been a bigger disruption in my thoughts but idk about you
- Schrödinger's cat. I'm opening the hatch (don't actually say that)
- I don't know how you feel but this is how I'm feeling and I needed you to know
- as far as I'm concerned, I could do either. we get back together and visit once or twice a month or something without pressure, or we stay friends and figure out visits from there
- I know I want to still be with you and I think we could do it but I wanted to talk to you
",School,
148623786709911,2016-10-16,2016-10-17,2016-10-17,send dad link for power supply,,,,,,,School,
314048862604239,2017-04-09,2017-04-10,2017-04-10,tests,,,,,,,School,
393069071535760,2017-07-25,2017-07-26,2017-07-26,write response,,,,,,,School,
177397329054809,2016-09-06,2016-09-12,2016-09-12,fix graphics drivers on ubuntu,,,,2016-09-10,,,School,
351736786234915,2017-05-29,2017-05-29,2017-05-29,download spotify songs,,,,,,,School,
326566908754218,2017-04-24,2017-04-26,2017-04-26,6.4,,,,,,,School,
393069071535761,2017-07-25,2017-07-26,2017-07-26,look for possibly better task app,,,,,,,School,
314048862604240,2017-04-09,2017-04-10,2017-04-10,added definitions to notes sheet,,,,,,,School,
351736786234916,2017-05-29,2017-05-29,2017-05-29,organize phone contacts,,,,,,,School,
177397329054807,2016-09-06,2016-10-16,2016-10-16,install linux on yoga,,,,,,https://allanbogh.com/2015/12/23/installing-ubuntu-16-04-daily-on-a-lenovo-yoga-900/,School,
184235994521551,2016-09-20,2016-10-17,2016-10-17,check out programming competition website,,,,,,you took a picture of the website,School,
351764138393834,2017-05-29,2017-05-30,2017-05-30,list of things to bring,,,,,,,School,
148623786709888,2016-09-21,2016-09-26,2016-09-26,get notebook for pilots license,,,,,,,School,
148623786709886,2016-09-21,2016-09-22,2016-09-22,show maintenance log,,,,,,,School,
148623786709887,2016-09-21,2016-09-28,2016-09-28,read about airport signs and markings,,,,,,,School,
177397329054821,2016-09-06,2016-09-07,2016-09-07,apply for web dev job,,,,,,http://www.umass.edu/umfa/job-board-detail/11665 ,School,
393069071535762,2017-07-25,2017-07-26,2017-07-26,figure out morning schedule,,,,,,,School,
393474734000514,2017-07-26,2017-07-26,2017-07-26,make bien argentino game public,,,,,,,School,
351764138393835,2017-05-29,2017-05-30,2017-05-30,brand new congress questions,,,,,,,School,
351764138393836,2017-05-29,2017-05-29,2017-05-29,sign up for learnupon brand new congress,,,,,,,School,
351764138393838,2017-05-29,2017-06-28,2017-06-28,create base for Hodler app,,,,,,,School,
351779687262554,2017-05-29,2017-06-28,2017-06-28,battery life on lappy ubuntu,,,,,,,School,
356635261007682,2017-06-05,2017-06-28,2017-06-28,bnc volunteer training,,,,,,,School,